CardName,Accuracy,learnData,testData
Gain,0.747478,12688,3137
Play,0.954643,9436,2337
cellar,0.638034,9360,2434
chapel,0.766722,6623,1657
chancellor,0.888889,342,84
spy,0.955945,5425,1382
thief,1,819,202
throneroom,0.987962,6812,1693
bureaucrat,0.998557,1386,391
remodel,0.886936,6713,1660
militia,0.89119,9512,2382
library,0.950701,5781,1460
mine,0.923232,1980,545
